"Ticker","Price","P/E","P/FCF","P/OCF","P/GP","ConsistencyScore adjusted %Max","ConsistencyScore TTM adjusted %Max","ConsistencyScore adjusted 1Y","ConsistencyScore adjusted 3Y","ConsistencyScore adjusted 5Y","ConsistencyScore adjusted 10Y","ConsistencyScore TTM adjusted 1Y","ConsistencyScore TTM adjusted 3Y","ConsistencyScore TTM adjusted 5Y","ConsistencyScore TTM adjusted 10Y","Snapshot Date"
"C","131.72","13.89","N/A","N/A","2.5","0.38939999999999997","0.3231","37","93","127","272","22","56","90","161","2026-08-25"
"STT","190.92","16.66","26.58","15.45","3.56","0.4582","0.4225","45","105","160","315","24","77","113","211","2026-08-25"
"WFC","84.72","12.05","13.59","13.59","3","0.4523","0.3933","49","119","174","314","31","70","103","179","2026-08-25"
"NTRS","186.66","15.82","77.5","65.2","3.81","0.53","0.5526","49","117","170","350","32","77","131","252","2026-08-25"
"BAC","62.33","14.15","4.8","4.8","3.81","0.4395","0.3596","53","117","182","353","27","76","134","213","2026-08-25"
"JPM","356.39","15.09","N/A","N/A","4.82","0.4631","0.4722","41","103","156","347","26","74","125","251","2026-08-25"
"IBKR","93.05","37.19","2.64","2.63","6.51","0.47490000000000004","0.5541","55","180","245","415","34","122","167","312","2026-08-25"
"GS","1036.28","15.76","N/A","N/A","4.77","0.4189","0.3567","39","133","123","303","22","82","76","182","2026-08-25"
"MOH","198.5","N/A","37.58","27.9","1.81","0.44049999999999995","0.5088","19","82","177","288","14","55","121","208","2026-08-25"
"CNC","65.65","N/A","3.65","3.35","2.06","0.5143","0.6447","29","103","187","347","30","70","128","284","2026-08-25"
"HOOD","103.62","45.61","530.91","385.72","20.12","0.3614","0.4113","41","140","150","150","32","96","105","116","2026-08-25"
"RJF","176.68","15.16","24.16","21.26","2.05","0.5929","0.6798","39","130","192","406","32","106","154","323","2026-08-25"
"SCHW","113.65","20.33","18.32","17.31","7.59","0.5388000000000001","0.6155","53","122","166","347","36","80","114","259","2026-08-25"
"HUM","386.61","36.62","23.75","18.45","2.35","0.4562","0.5","34","78","178","337","27","60","130","237","2026-08-25"
"TTD","13.27","15.33","7.22","5.77","2.71","0.5722","0.7388","41","152","221","406","29","101","174","360","2026-08-25"
"MS","214.08","17.18","N/A","N/A","4.6","0.4838","0.4503","49","134","159","374","28","87","89","227","2026-08-25"
"RF","30.63","12.21","15.74","14.76","3.45","0.4631","0.3713","51","102","151","365","27","59","97","219","2026-08-25"
"KEY","21.87","12.52","19.63","18.02","3.03","0.43560000000000004","0.4444","53","77","109","307","24","55","88","211","2026-08-25"
"INCY","127.98","16.53","13.88","13.46","4.94","0.4572","0.6023","54","132","198","363","42","107","175","317","2026-08-25"
"APO","132.79","45.57","8.55","8.55","2.26","0.29109999999999997","0.383","38","96","113","255","30","73","105","226","2026-08-25"
"FITB","54.9","22.88","17.36","13.72","4.68","0.3884","0.3904","33","84","126","264","33","65","103","197","2026-08-25"
"CPAY","413.92","24.22","16.76","14.86","5.47","0.5811","0.6696","47","127","190","394","35","96","158","290","2026-08-25"
"CPRT","33.26","20.19","22.78","18.6","14.85","0.6335999999999999","0.7173","39","135","215","484","22","104","183","373","2026-08-25"
"EPAM","111.26","14.48","12.05","10.79","3.52","0.5575","0.7178","46","92","159","397","29","66","125","316","2026-08-25"
"DECK","92.08","12.57","11.41","10.69","3.99","0.5672999999999999","0.55","43","154","247","495","30","93","158","315","2026-08-25"
"MTB","241.79","12.35","9.87","9.33","3.56","0.47","0.5176","49","110","174","373","28","67","129","246","2026-08-25"
"EXPE","339.12","20.41","9.32","7.97","2.93","0.44939999999999997","0.4722","56","142","214","352","35","94","139","234","2026-08-25"
"TFC","50.81","11.38","10.86","10.86","3.02","0.42869999999999997","0.481","61","91","126","311","32","59","84","233","2026-08-25"
"ABNB","190.21","42.2","23.37","23.37","10.41","0.623","0.6599","42","120","244","271","30","82","168","194","2026-08-25"
"ELV","402.63","17.68","13.95","11.75","2.88","0.5084000000000001","0.5512","37","98","168","379","27","68","129","280","2026-08-25"
"COF","216.27","13.15","4.52","4.27","2.17","0.48969999999999997","0.5512","49","95","148","334","37","91","144","270","2026-08-25"
"USB","62.42","12.45","7.75","7.75","3.28","0.5025","0.5117","57","120","158","339","36","82","130","255","2026-08-25"
"AMP","561.13","13.2","6.46","6.34","2.67","0.4543","0.4459","45","135","190","318","31","101","148","225","2026-08-25"
"ADM","78.16","21.42","22.4","13.56","6.72","0.37170000000000003","0.3173","37","62","148","313","23","37","91","183","2026-08-25"
"MET","96.21","18.09","4","4","3.18","0.3186","0.2851","39","120","142","281","27","82","85","159","2026-08-25"
"MRNA","138.89","N/A","N/A","N/A","106.1","0.20559999999999998","0.2448","11","14","56","117","6","12","42","94","2026-08-25"
"EW","90.5","52.02","36.46","30.39","10.31","0.5556","0.5965","38","109","163","401","31","83","117","283","2026-08-25"
"ALGN","159.64","27.61","16.9","15.11","4.05","0.5368999999999999","0.5936","47","108","134","371","34","64","81","258","2026-08-25"
"REGN","828.5","20.29","23.35","18.76","6.66","0.5044","0.6257","27","101","128","364","26","82","108","276","2026-08-25"
"LYV","184.59","N/A","32.1","17.27","6.65","0.3048","0.4284","31","104","153","239","24","78","123","204","2026-08-25"
"FSLR","208.31","12.85","14.96","10.41","9.48","0.3392","0.383","57","139","186","247","36","101","135","181","2026-08-25"
"COIN","179.48","N/A","27.59","27.59","8.71","0.3212","0.3857","25","114","97","132","10","86","69","108","2026-08-25"
"ANET","188.15","59.36","46.57","45.24","36.15","0.6555","0.7965","44","173","281","486","38","134","208","373","2026-08-25"
"FFIV","379.04","30.03","22.5","20.79","8.05","0.5801","0.6418","48","179","250","425","36","116","167","319","2026-08-25"
"VRTX","547.59","31.72","36.81","32.55","12.91","0.4464","0.5658","50","98","197","440","38","81","167","364","2026-08-25"
"DDOG","225.77","471.7","78.08","68.16","26.56","0.5616","0.7919","51","148","234","287","42","125","200","274","2026-08-25"
"ACN","186.53","14.74","9.13","8.71","4.91","0.6441","0.7018","52","158","235","480","37","110","180","362","2026-08-25"
"WDAY","199.15","59.8","17.04","15.94","6.78","0.5593","0.7123","59","162","238","439","36","116","181","371","2026-08-25"
"ROST","241.52","29.02","27.65","21.08","10.61","0.5949","0.6681","59","149","209","389","42","103","147","292","2026-08-25"
"CBOE","308.09","23.99","17.24","16.47","11.81","0.49560000000000004","0.5702","57","134","213","367","38","92","142","294","2026-08-25"
"NKE","40.75","19.42","27.63","21.04","3.03","0.4877","0.5482","27","68","112","295","22","51","86","230","2026-08-25"
"SNA","394.49","20.04","18.34","17.46","8.44","0.7306","0.7281","43","131","240","462","38","84","153","307","2026-08-25"
"GEV","942.1","26.69","20.12","17.99","30.42","0.6986","0.6944","59","146","146","146","40","104","100","100","2026-08-25"
"NVR","6397.59","15.78","17.2","16.89","8.6","0.6264","0.5804","14","72","160","425","8","39","84","255","2026-08-25"
"GRMN","291.25","30.02","35.22","28.47","12.23","0.528","0.538","63","161","200","443","40","109","140","308","2026-08-25"
"SMCI","35.17","11.18","N/A","N/A","5.87","0.4758","0.5605","45","93","197","346","34","81","149","270","2026-08-25"
"PFG","111.89","15.7","5.04","4.88","3.27","0.43170000000000003","0.4167","41","98","126","277","22","63","83","177","2026-08-25"
"FIX","1609.69","39.56","26.23","22.25","19.7","0.7040000000000001","0.7558","63","201","297","498","42","132","211","375","2026-08-25"
"GOOG","344.59","18.55","85.02","24.39","16.68","0.6175","0.7851","55","180","246","465","36","114","177","368","2026-08-25"
"GOOGL","348.06","18.74","85.88","24.64","16.85","0.6175","0.7851","55","180","246","465","36","114","177","368","2026-08-25"
"FTNT","151.99","53.03","36.08","33.11","18.63","0.6391","0.7412","43","146","241","531","38","102","172","379","2026-08-25"
"COST","971.4","48.85","49.03","28.78","11.42","0.6313","0.6988","57","170","249","463","38","109","187","354","2026-08-25"
"RMD","232.45","22.29","20.58","18.8","9.84","0.6146","0.7003","47","183","265","468","34","128","206","349","2026-08-25"
"MNST","48.92","45.45","45.99","43.2","18.89","0.5841","0.6944","52","148","206","428","38","113","173","347","2026-08-25"
"TJX","140.71","25.91","26.75","19.56","7.88","0.5988","0.633","63","170","266","419","42","108","174","298","2026-08-25"
"ISRG","373.57","42.52","40.84","36.01","18.14","0.528","0.6506","53","170","207","412","40","119","165","341","2026-08-25"
"CINF","171.21","8.01","7.84","7.8","6.29","0.5202","0.5716","59","130","169","342","36","90","120","243","2026-08-25"
"DASH","229.06","119.66","47.05","35.56","12.32","0.42719999999999997","0.6434","39","139","183","179","28","110","161","184","2026-08-25"
"SWKS","66.86","34.89","23.31","14.13","6.19","0.4916","0.5146","19","43","90","260","14","33","74","197","2026-08-25"
"TSLA","348.95","324.73","214.38","66.11","63.24","0.41","0.5058","38","83","172","329","29","73","136","267","2026-08-25"
"NTAP","186.86","29.43","20.1","18.17","7.67","0.46149999999999997","0.3676","57","131","187","353","38","86","116","202","2026-08-25"
"NEM","131.84","16.36","14.45","11.14","7.92","0.27140000000000003","0.3816","55","142","139","295","40","116","119","247","2026-08-25"
"MPWR","1285.03","78.93","162.77","76.98","35.04","0.6873","0.7734","38","121","219","503","24","102","166","380","2026-08-25"
"PLTR","175.89","149.77","134.54","132.87","86.55","0.6565000000000001","0.75","63","186","252","279","42","130","194","216","2026-08-25"
"CSGP","32.84","179.47","58.5","26.72","4.75","0.6185","0.7515","42","85","178","413","30","76","149","340","2026-08-25"
"EME","764.9","23.68","28.99","26.42","9.43","0.6618","0.6579","54","174","271","498","36","114","183","318","2026-08-25"
"CRWD","190.68","N/A","137.42","108.12","51.48","0.5397","0.7459","42","130","215","292","35","109","189","273","2026-08-25"
"DXCM","91.06","35.53","25.28","20.31","11.44","0.5339","0.6667","57","145","204","416","34","101","160","338","2026-08-25"
"SNDK","1493.12","20.24","20.14","19.83","15.99","0.5891","0.5761","49","76","76","76","38","53","53","53","2026-08-25"
"EA","209.7","49.18","25.86","23.22","8.5","0.5054","0.4781","40","98","191","351","34","52","121","235","2026-08-25"
"EXPD","187.83","26.86","26.71","25.37","6.27","0.4818","0.4693","43","88","146","345","24","53","94","250","2026-08-25"
"RL","370.82","23.13","21.79","17.25","3.87","0.42969999999999997","0.364","59","177","236","350","38","110","153","195","2026-08-25"
"NVDA","208.48","31.86","42.7","40.47","27.05","0.6697","0.7188","63","184","251","499","42","136","183","360","2026-08-25"
"MSFT","487.31","27.15","54.22","19.85","16.11","0.6313","0.7339","49","161","251","552","36","125","200","415","2026-08-25"
"ADBE","276.27","15.36","10.8","10.6","4.93","0.6273","0.7105","51","148","230","537","33","98","164","392","2026-08-25"
"ODFL","201.48","38.61","35.17","30.16","7.66","0.6401","0.6243","36","83","167","426","25","56","101","272","2026-08-25"
"WST","353.32","44.6","57.66","38.04","20.58","0.6067","0.633","51","92","156","442","30","58","105","307","2026-08-25"
"PANW","350.9","333.46","74.09","66.65","36.84","0.4924","0.7126","37","137","210","371","34","109","181","329","2026-08-25"
"PYPL","61.68","11.1","8.24","7.28","3.94","0.5694","0.6076","41","143","181","406","26","88","110","281","2026-08-25"
"INTU","369.92","22.27","13.23","12.94","6.1","0.5546","0.6042","61","171","237","448","38","103","168","327","2026-08-25"
"WSM","237.77","26.19","26.07","21.08","7.85","0.5726","0.5565","32","114","169","402","23","59","90","249","2026-08-25"
"AMAT","484.19","41.8","68.81","46.14","25.43","0.5644","0.5205","54","148","220","439","32","86","144","284","2026-08-25"
"TECH","72.39","62.5","43.18","38.92","14.23","0.4769","0.5921","39","90","175","367","25","64","118","287","2026-08-25"
"KEYS","310.66","50.99","39.09","36.09","13.87","0.5123","0.5538","47","82","195","408","34","58","132","302","2026-08-25"
"XYZ","81.38","138.73","12.76","12.21","4.27","0.4642","0.5955","45","150","202","356","31","99","149","298","2026-08-25"
"ON","71.93","46.16","18.96","17.4","12.44","0.44439999999999996","0.4664","37","62","153","342","22","39","101","238","2026-08-25"
"TER","364.9","50.03","71.93","54.03","21.76","0.4582","0.4518","54","123","130","344","38","81","76","226","2026-08-25"
"ADSK","254.42","36.87","19.76","19.39","7.88","0.41840000000000005","0.4717","59","150","215","375","42","106","165","273","2026-08-25"
"CTVA","82.81","54.97","84.17","45.8","6.29","0.457","0.4056","34","114","168","239","21","69","103","146","2026-08-25"
"AMD","456.75","117.77","90.35","75.17","34.48","0.39130000000000004","0.462","61","182","175","414","40","128","152","325","2026-08-25"
"ERIE","268.64","24.35","25.4","20.14","19.05","0.4022","0.4298","33","161","251","371","24","116","172","291","2026-08-25"
"NWS","35.05","34.16","24.13","15.82","3.81","0.34450000000000003","0.2741","41","130","162","271","24","78","83","161","2026-08-25"
"NWSA","30.76","29.98","21.18","13.89","3.34","0.34450000000000003","0.2741","41","130","162","271","24","78","83","161","2026-08-25"
"AMZN","262.07","21.12","N/A","17.7","7.26","0.7256999999999999","0.769","55","184","266","525","36","120","176","370","2026-08-25"
"META","559.02","21.06","35.01","11.01","7.69","0.6729","0.805","45","169","215","460","38","118","155","367","2026-08-25"
"IDXX","559.51","38.94","35.38","32.36","15.61","0.6804000000000001","0.693","58","167","242","534","40","114","171","363","2026-08-25"
"FAST","51.28","43.63","50.48","42.16","15.08","0.6154999999999999","0.7398","51","120","225","462","38","97","175","371","2026-08-25"
"LRCX","310.17","53.84","79.97","66.78","33.36","0.5959","0.5965","55","165","218","432","32","93","133","262","2026-08-25"
"APP","298.59","22.82","22.23","22.23","16.66","0.5494","0.6418","53","161","218","228","42","120","159","181","2026-08-25"
"TPL","373.45","47.62","66.95","42.74","28.72","0.5172","0.6184","40","140","216","403","34","120","179","340","2026-08-25"
"TROW","112.3","11.08","14.37","12.45","3.17","0.5162","0.5833","47","135","129","366","34","99","96","272","2026-08-25"
"KLAC","181.57","49.43","N/A","N/A","28.68","0.5211","0.5746","44","138","205","440","34","100","154","331","2026-08-25"
"AAPL","310.34","35.42","33.41","31.12","20.11","0.5339","0.5263","63","168","242","446","42","100","142","281","2026-08-25"
"LUV","40.71","23.95","N/A","7.94","2.87","0.4267","0.4284","41","76","123","217","30","51","98","165","2026-08-25"
"TTWO","233.5","N/A","145.56","86.92","11.6","0.3107","0.3991","21","55","69","281","25","51","79","238","2026-08-25"
"BKR","61.98","19.96","18.4","13.93","9.46","0.2948","0.3591","40","127","180","223","30","89","137","195","2026-08-25"
"NOW","128.05","79.31","28.92","24.95","12.02","0.5919","0.7895","39","156","274","505","31","116","201","400","2026-08-25"
"CTAS","207.4","42.26","44.78","37.01","14.76","0.6970999999999999","0.6798","57","184","278","507","38","114","190","348","2026-08-25"
"CDNS","315.92","63.31","51.97","47.04","17.4","0.6264","0.7325","52","129","234","491","38","109","186","379","2026-08-25"
"NFLX","80.01","24.98","30.57","28.48","14.35","0.6323","0.6754","55","178","248","497","36","119","181","337","2026-08-25"
"JKHY","170.51","23.64","16.53","15.61","11.07","0.6126","0.683","63","171","251","417","40","125","186","318","2026-08-25"
"V","382.41","33.96","36.51","33.97","17.24","0.59","0.6711","41","119","220","424","30","94","176","334","2026-08-25"
"ADP","283.01","25.86","21.76","20.98","11.2","0.6136","0.6009","53","180","280","508","30","118","177","330","2026-08-25"
"BKNG","213.36","22.79","17.22","16.66","5.82","0.5752","0.6272","48","110","209","351","31","78","151","250","2026-08-25"
"WRB","69.7","14.16","8","7.58","3.85","0.5457","0.598","43","139","211","402","29","102","159","296","2026-08-25"
"SYF","80.02","7.78","2.76","2.76","1.39","0.5015999999999999","0.5016","43","140","209","396","25","91","135","230","2026-08-25"
"CME","279.17","23.6","23.94","23.41","14.89","0.41","0.5249","45","131","234","340","34","101","187","287","2026-08-25"
"CSCO","110.23","33.1","34.4","30.98","10.75","0.4789","0.4488","50","97","176","303","34","56","112","191","2026-08-25"
"ALB","141.51","335.65","14.26","10.71","13.7","0.3382","0.3611","33","43","124","263","29","31","90","189","2026-08-25"
"WDC","435.38","17.69","47.49","42.44","26.42","0.3015","0.3299","60","119","131","234","40","87","87","160","2026-08-25"
"STX","794.65","57.15","58.61","49.53","32.74","0.3097","0.2573","59","144","144","314","40","90","87","172","2026-08-25"
"ROL","37.26","33.73","28.73","27.72","8.73","0.7001000000000001","0.769","31","141","228","477","26","116","185","373","2026-08-25"
"ULTA","538.76","19.92","20.95","15.33","4.74","0.6496","0.7024","47","116","217","443","35","82","149","311","2026-08-25"
"MA","599.86","32.58","33.16","30.38","15.1","0.5782","0.6886","51","147","235","415","32","121","193","333","2026-08-25"
"VLTO","99.37","24.72","23.33","22.14","7.13","0.6336999999999999","0.5904","53","136","154","154","39","104","98","98","2026-08-25"
"AXON","597.59","247.5","370.34","185.57","25.79","0.527","0.6667","33","125","189","352","28","107","162","330","2026-08-25"
"CTSH","62.2","13.06","11.16","9.94","4.01","0.5349","0.6023","39","134","193","363","26","85","122","247","2026-08-25"
"TXN","258.94","39.55","44.17","27.49","21","0.5585","0.4664","50","71","131","344","38","61","96","223","2026-08-25"
"ZBRA","363.3","32.44","19.34","17.86","6.03","0.45130000000000003","0.5234","45","118","126","364","30","80","83","262","2026-08-25"
"PCAR","129.94","27.38","18.61","15.78","12.33","0.4877","0.4854","28","75","203","356","19","49","141","256","2026-08-25"
"GD","383.77","23.39","16.28","13.62","12.44","0.48479999999999995","0.4547","46","151","202","390","36","117","155","280","2026-08-25"
"ADI","371.17","43.88","36.75","32.72","19.86","0.4307","0.4781","57","82","165","319","34","49","104","232","2026-08-25"
"CVNA","72.33","34.13","57.43","47.79","11.03","0.3128","0.3896","41","131","127","221","38","96","103","187","2026-08-25"
"GE","341.84","39.89","41.85","36.52","19.98","0.25170000000000003","0.2485","41","96","138","171","34","80","95","115","2026-08-25"
"TYL","355.79","45.87","20.85","20.38","12.98","0.6518999999999999","0.7836","52","178","247","447","38","120","188","363","2026-08-25"
"AVGO","358.76","59.67","53.39","52.03","33.95","0.6335999999999999","0.7708","63","137","266","502","40","119","203","381","2026-08-25"
"LULU","122.78","9.71","11.08","7.32","2.27","0.5846","0.6949","26","124","216","464","22","81","150","330","2026-08-25"
"VRSN","290.79","31.17","24.85","24.05","17.53","0.6441","0.6053","50","150","245","468","30","95","161","296","2026-08-25"
"GWW","1321.9","33.37","40.54","28.69","8.4","0.5379","0.5892","52","120","254","406","38","95","181","300","2026-08-25"
"TT","452.96","34.18","28.25","26","12.82","0.5497","0.5029","42","174","272","398","38","113","179","259","2026-08-25"
"JNJ","273.04","31.67","29.32","24.13","10.02","0.46509999999999996","0.4737","43","122","162","337","32","96","100","246","2026-08-25"
"UBER","79.29","16.97","16.07","15.6","6.96","0.34619999999999995","0.5104","53","174","216","197","32","124","174","196","2026-08-25"
"LLY","1246.93","41.72","61.26","39.68","16.77","0.42479999999999996","0.4123","55","172","242","380","40","117","163","268","2026-08-25"
"QCOM","158.53","18.3","16.25","13.67","7.09","0.3923","0.4137","23","133","162","276","22","92","118","183","2026-08-25"
"DOV","203.62","24.32","23.46","19.78","8.28","0.42869999999999997","0.3772","48","140","190","380","35","93","127","244","2026-08-25"
"A","153.43","30.71","39.95","29.9","11.38","0.4254","0.3676","47","102","192","422","34","64","117","270","2026-08-25"
"VLO","346","14.12","10.85","9.33","9.08","0.3746","0.3275","59","61","174","261","38","33","107","177","2026-08-25"
"HWM","263.29","56.6","52.48","47.66","32.22","0.3677","0.3275","61","201","303","325","42","134","211","189","2026-08-25"
"FCX","77.8","38.12","63.71","19.03","16.04","0.25170000000000003","0.3363","38","113","142","319","26","84","109","238","2026-08-25"
"XOM","164.05","20.9","21.16","11.46","7.76","0.29109999999999997","0.2661","32","55","158","296","23","37","104","205","2026-08-25"
"BLK","1172.61","29.35","54.91","49.01","7.07","0.5054","0.5877","36","122","148","346","30","105","118","280","2026-08-25"
"WMT","106.49","38.48","62.02","19.79","4.58","0.5005","0.5439","44","150","204","355","27","93","144","266","2026-08-25"
"XYL","114.18","26.54","27.48","20.76","7.54","0.4818","0.5322","57","171","213","385","32","116","161","302","2026-08-25"
"PODD","145.42","26.89","34.36","19.74","4.65","0.4777","0.5337","45","162","221","404","32","110","162","295","2026-08-25"
"CFG","70.23","15.1","12.85","11.98","3.43","0.4927","0.4515","51","93","148","339","29","52","100","229","2026-08-25"
"CAH","232.37","32.13","12.09","10.64","5.63","0.43560000000000004","0.4635","40","121","154","265","27","78","110","192","2026-08-25"
"ROK","429.69","39.99","31.88","27.69","10.89","0.4661","0.4225","55","78","155","355","32","49","108","233","2026-08-25"
"CMI","571.62","29.16","23.51","17.04","9.01","0.4307","0.4444","45","102","173","350","35","70","130","241","2026-08-25"
"AIZ","287.81","13.6","8.66","7.67","1.36","0.4425","0.4211","59","155","185","326","36","109","130","222","2026-08-25"
"PG","146.6","22.54","22.69","18.16","8.13","0.4267","0.3787","36","121","184","356","29","78","122","232","2026-08-25"
"EOG","150.21","11.56","11.73","5.95","2.94","0.355","0.4357","41","67","149","304","33","50","110","242","2026-08-25"
"AFL","118.2","12.29","22.58","22.58","5.93","0.46020000000000005","0.2997","43","102","146","363","26","52","57","149","2026-08-25"
"DELL","433.19","33.79","30.1","22.79","11.12","0.3716","0.3702","46","116","142","263","31","66","75","179","2026-08-25"
"EBAY","107.08","21.85","20.07","16.05","5.63","0.38539999999999996","0.3465","36","97","143","296","30","71","81","163","2026-08-25"
"INTC","87.26","N/A","157.32","29.82","20.23","0.35590000000000005","0.3743","20","44","58","276","22","41","53","188","2026-08-25"
"GLW","145.55","67.03","53.18","32.53","20.64","0.35","0.3523","63","144","124","241","42","97","92","193","2026-08-25"
"CF","129.24","9.48","10.41","6.68","6.05","0.3235","0.2836","59","95","170","301","38","48","103","185","2026-08-25"
"FDS","305.31","19.52","15.6","13.32","8.82","0.5782","0.6974","41","144","228","435","32","107","181","353","2026-08-25"
"STE","237.87","28.93","24.88","18.07","8.68","0.5634","0.6871","52","162","234","444","34","118","169","329","2026-08-25"
"DHI","148.97","13.81","13.15","12.57","5.59","0.5674","0.6184","33","75","159","424","16","43","105","289","2026-08-25"
"PWR","616.78","70.86","39.98","29.58","18.49","0.5418","0.6053","54","153","214","424","42","120","184","323","2026-08-25"
"JBHT","259.88","36.58","19.36","15.47","4.39","0.531","0.5906","45","87","170","344","31","44","105","259","2026-08-25"
"AOS","62.72","17.28","13.52","12.49","5.89","0.5703","0.5409","35","105","180","346","20","50","88","216","2026-08-25"
"AXP","337.33","20.25","15.22","12.4","3.02","0.5477000000000001","0.5365","53","135","208","381","32","104","174","290","2026-08-25"
"PH","1014.24","35.53","32.86","29.7","16","0.5447","0.5249","46","173","258","490","34","121","191","323","2026-08-25"
"JBL","304.89","37.67","21.71","17.49","10.48","0.45030000000000003","0.4284","60","110","212","370","37","52","125","233","2026-08-25"
"TPR","132.16","18.18","15.33","14.04","4.46","0.3864","0.4225","55","114","180","341","40","85","118","238","2026-08-25"
"KO","91.99","27.71","27.74","24.28","12.79","0.3628","0.3056","51","130","200","315","38","86","143","212","2026-08-25"
"APH","155.55","38.99","42.42","34.15","17.96","0.7168000000000001","0.7895","60","187","304","505","42","133","214","369","2026-08-25"
"TDY","625.21","30.08","25.67","23.06","10.61","0.6264","0.6389","61","129","239","474","36","85","157","337","2026-08-25"
"PGR","223.92","11.19","8.17","8.01","8.35","0.5988","0.6637","49","175","212","468","30","124","155","344","2026-08-25"
"MCO","511.35","31.93","30.07","26.88","14.58","0.5733","0.5965","55","178","189","405","39","122","137","296","2026-08-25"
"PTC","154.31","14.5","18.97","18.57","7.11","0.5516","0.5687","57","185","269","484","34","124","197","343","2026-08-25"
"DRI","225.56","21.74","23.05","14.16","9.16","0.44439999999999996","0.4781","42","154","206","380","30","109","150","287","2026-08-25"
"EMR","157.57","34.3","25.55","22.6","8.92","0.4061","0.3567","47","131","208","372","36","86","136","237","2026-08-25"
"BX","143.64","32.65","20.94","20.53","7.13","0.34409999999999996","0.4079","49","102","103","258","36","86","78","206","2026-08-25"
"PAYC","229.62","21.62","18.32","13.15","5.88","0.6846","0.7997","54","145","258","496","38","106","192","387","2026-08-25"
"MTD","1398.89","31.15","32.65","28.93","11.33","0.6893","0.5833","36","88","179","454","26","49","103","276","2026-08-25"
"IEX","233.69","33.38","27.03","24.19","10.82","0.59","0.5906","61","106","203","420","36","69","140","302","2026-08-25"
"SPGI","435.42","26.15","23.09","22.46","11.26","0.531","0.5906","54","175","183","400","34","104","147","303","2026-08-25"
"LIN","490.03","31.42","45.75","21.7","13.28","0.4975","0.5205","45","162","239","408","35","94","136","301","2026-08-25"
"HBAN","17.04","15.54","13.01","11.4","3.59","0.4592","0.5541","28","89","159","315","31","76","137","280","2026-08-25"
"DLTR","136.75","20.98","20.46","10.99","3.72","0.4434","0.5208","42","70","124","311","30","51","88","227","2026-08-25"
"SBUX","107.49","62.01","33.76","24.66","4.74","0.473","0.481","32","69","121","267","23","43","89","183","2026-08-25"
"TEL","202.41","19.66","17.84","13.42","8.5","0.5211","0.4254","59","163","228","379","34","89","136","238","2026-08-25"
"ITW","283.95","25.51","27.82","24.47","11.2","0.5113","0.3787","53","115","195","373","34","64","124","222","2026-08-25"
"NUE","244.64","19.46","34.72","12.64","10.01","0.4346","0.4298","57","63","131","327","38","37","88","222","2026-08-25"
"CAT","811.02","34.59","38.38","27.64","14.62","0.3943","0.3348","44","99","198","367","33","55","126","226","2026-08-25"
"DD","136.67","339.94","26.63","17.96","7.62","0.3097","0.2865","43","50","97","162","31","35","63","108","2026-08-25"
"CVX","203.09","19.48","14.85","8.85","4.34","0.29600000000000004","0.2763","43","67","158","317","24","32","96","210","2026-08-25"
"PAYX","126.01","25.77","19.54","17.74","9.38","0.6676000000000001","0.7251","48","146","260","452","36","100","176","322","2026-08-25"
"CHD","102.53","32.79","21.9","19.38","8.59","0.5821000000000001","0.6082","45","124","184","385","30","78","133","283","2026-08-25"
"WAB","297.62","39.78","29.36","25.25","12.05","0.5654","0.6155","52","174","261","351","38","108","163","278","2026-08-25"
"LII","399.1","17.61","18.75","15.52","7.86","0.5634","0.5453","33","144","200","361","28","95","142","239","2026-08-25"
"NDSN","333.93","33.7","25.8","24.19","11.36","0.4857","0.5526","55","123","186","377","38","93","146","284","2026-08-25"
"ECL","286.98","38.27","42.93","26.49","10.9","0.5015","0.5205","49","156","229","325","38","102","164","234","2026-08-25"
"GNRC","203.56","47.02","31.75","22.15","6.92","0.4415","0.4825","33","143","150","397","22","89","101","280","2026-08-25"
"FOXA","69.21","18.03","20.7","15.42","4.84","0.4725","0.4476","29","121","176","266","16","80","107","171","2026-08-25"
"MCK","873.79","22.68","16.95","15.2","6.96","0.4435","0.4678","48","103","170","284","27","80","118","203","2026-08-25"
"RTX","209.22","36.91","25.04","20.1","15.01","0.37560000000000004","0.4123","59","146","219","255","42","97","146","209","2026-08-25"
"MMM","179.01","31.2","22.96","19.09","9.42","0.4228","0.3553","29","75","76","239","23","48","52","168","2026-08-25"
"ORLY","90.68","28.36","34.33","22.85","7.84","0.6154999999999999","0.6199","50","111","176","401","35","77","132","303","2026-08-25"
"SYK","327.81","33.93","26.91","22.9","7.54","0.5368999999999999","0.6608","59","160","250","396","42","122","190","328","2026-08-25"
"IR","79.99","32.68","25.6","23.23","9.22","0.5228","0.6457","39","132","232","356","30","94","167","296","2026-08-25"
"CBRE","151.93","34.32","39.97","32.8","5.5","0.5152","0.633","36","136","167","367","25","99","112","283","2026-08-25"
"TRMB","60.67","N/A","18.28","17.69","5.35","0.5526","0.5322","51","120","175","448","34","64","102","269","2026-08-25"
"FOX","61.59","16.05","18.42","13.72","4.31","0.4725","0.4476","29","121","176","266","16","80","107","171","2026-08-25"
"CHRW","142.86","27.01","25.58","24.96","6.19","0.43560000000000004","0.4576","36","108","142","289","17","57","86","210","2026-08-25"
"TKO","193.42","63.93","8.77","8.17","4.66","0.4058","0.472","49","91","170","349","29","84","139","272","2026-08-25"
"WELL","240.01","114.22","19.14","55.59","35.08","0.30879999999999996","0.5658","47","131","178","210","40","125","195","256","2026-08-25"
"CL","92.55","36.41","19.23","16.65","5.84","0.40409999999999996","0.367","35","147","169","337","32","93","125","231","2026-08-25"
"SLB","54","26.23","16.92","12.45","13.52","0.3225","0.345","26","92","215","272","24","69","146","179","2026-08-25"
"JCI","142.99","24.37","27.22","24.64","9.52","0.3009","0.2895","57","136","170","314","40","86","107","164","2026-08-25"
"COP","133.35","17.5","13.31","7.39","3.96","0.2812","0.2719","30","79","149","298","21","54","99","200","2026-08-25"
"SHW","346.73","31.73","26.41","21.95","7.13","0.6411","0.6462","48","155","228","418","36","84","137","290","2026-08-25"
"SNPS","394.51","98.03","28.78","27.11","11.89","0.5666","0.6637","35","109","196","437","34","93","153","331","2026-08-25"
"VMC","275.94","32.22","34.24","19.93","16.11","0.5851","0.6404","40","142","206","392","24","85","154","306","2026-08-25"
"LEN","88.16","13.28","25.18","24.04","7.96","0.5202","0.6228","17","52","130","365","10","42","96","287","2026-08-25"
"HSY","189.94","25.86","17.28","14.5","8.25","0.5467","0.5892","40","89","193","394","30","63","146","297","2026-08-25"
"CMG","38.02","34.26","30.99","20.89","16.22","0.5477000000000001","0.5877","26","125","248","497","18","78","158","335","2026-08-25"
"ALL","260.19","5.11","5.5","5.41","1.96","0.531","0.5058","63","181","187","424","42","124","133","275","2026-08-25"
"MSI","481.52","37.73","30.06","27.07","12.65","0.4592","0.3889","46","161","234","394","35","110","164","279","2026-08-25"
"TSCO","35.92","18.62","31.93","14.66","3.28","0.6154999999999999","0.655","30","112","193","405","22","69","133","298","2026-08-25"
"UNH","398.76","25.58","15.3","13.37","4.11","0.5664","0.674","38","87","191","432","28","67","145","323","2026-08-25"
"TRV","370.55","9.6","7.22","7.18","3.26","0.5565","0.5205","59","185","207","402","36","118","148","277","2026-08-25"
"ETN","408.67","41.58","39.79","32.16","14.77","0.5192","0.5161","45","157","283","425","38","112","186","262","2026-08-25"
"CB","345.83","12.1","8.8","8.8","7.06","0.4769","0.5453","53","150","185","376","36","101","145","274","2026-08-25"
"WAT","410.75","242.08","110.03","73.4","17.07","0.469","0.4912","24","84","141","333","24","71","113","222","2026-08-25"
"STLD","229.27","20.63","34.69","21.09","11.02","0.44439999999999996","0.4401","58","66","147","343","36","33","88","214","2026-08-25"
"HIG","138.98","8.84","6.54","6.53","2.8","0.4385","0.3772","53","184","237","407","31","112","141","257","2026-08-25"
"GILD","146.74","N/A","14.09","13.46","7.52","0.3992","0.405","52","111","137","182","38","81","97","128","2026-08-25"
"PRU","122.67","10.9","3.89","3.89","2.03","0.31370000000000003","0.3187","54","104","106","237","36","73","76","157","2026-08-25"
"ARES","140.01","59.21","37.89","34.74","5.29","0.2726","0.3395","32","96","130","224","23","87","104","195","2026-08-25"
"IT","202.78","17.41","10.47","9.77","3","0.5605","0.6243","43","125","184","406","24","97","146","303","2026-08-25"
"DG","125.33","17.75","12.57","7.93","2.09","0.5586","0.6205","59","113","160","378","38","95","136","280","2026-08-25"
"ACGL","101.14","7.58","5.83","5.78","4.73","0.5261","0.5833","45","126","203","411","20","85","144","302","2026-08-25"
"ALLE","162.63","21.24","20.84","18.18","7.28","0.5453","0.546","41","151","222","421","32","106","158","309","2026-08-25"
"ABBV","264.52","74.72","25.73","24.02","10.18","0.44939999999999997","0.5351","43","77","150","329","25","52","100","263","2026-08-25"
"NXPI","222.44","18.99","20.13","18.06","7.65","0.4818","0.4664","59","91","186","327","40","62","115","185","2026-08-25"
"RVTY","123","57.8","24.08","21.88","8.58","0.4739","0.4664","40","97","101","313","29","57","53","222","2026-08-25"
"HAS","95.41","17.19","12.57","10.6","3.79","0.3776","0.3874","40","73","91","219","36","55","65","166","2026-08-25"
"ABT","116.67","37.48","25.99","20.53","7.71","0.36869999999999997","0.3962","41","155","155","364","28","110","104","279","2026-08-25"
"MRK","150.66","117.28","23.17","18.64","7.66","0.3815","0.3377","29","122","195","345","22","76","137","231","2026-08-25"
"PM","191.46","27.54","23.48","20.94","10.4","0.2842","0.269","41","134","139","260","29","85","107","184","2026-08-25"
"BR","185.45","19.32","17.61","16.14","9.14","0.6154999999999999","0.6535","47","159","251","426","31","97","162","299","2026-08-25"
"MLM","533.11","13.06","39.62","21.13","17.04","0.6224000000000001","0.6345","34","102","185","411","25","63","124","284","2026-08-25"
"MCHP","74.21","111.25","36.77","34.1","13.25","0.47490000000000004","0.5863","51","39","175","375","33","25","113","272","2026-08-25"
"LMT","564.14","20.74","14.94","12.53","14.35","0.473","0.4547","49","89","148","346","34","59","91","236","2026-08-25"
"TXT","82.13","15.34","18.79","11.63","5.29","0.44939999999999997","0.3874","47","111","199","316","34","74","112","180","2026-08-25"
"WTW","350.75","21.07","19.52","17.15","3.26","0.3638","0.4576","37","108","140","324","31","76","90","221","2026-08-25"
"BA","210.46","79.65","N/A","45.72","37.84","0.2901","0.2895","26","31","60","162","27","32","56","109","2026-08-25"
"EXE","96.33","8.26","8.92","4.06","2.09","0.2354","0.2729","47","55","134","190","30","53","111","167","2026-08-25"
"NDAQ","98.79","28.51","28.75","24.97","9.99","0.4936","0.5322","49","122","196","372","28","99","146","288","2026-08-25"
"DHR","215.11","38.01","27.73","22.94","10.36","0.4828","0.4956","57","91","133","337","40","61","90","244","2026-08-25"
"FDX","334.05","21.32","34.18","21.77","1.22","0.4653","0.4713","48","111","164","314","34","59","105","249","2026-08-25"
"COR","323.77","23.92","15.29","13.03","4.75","0.4346","0.5015","59","131","207","342","36","87","148","250","2026-08-25"
"MDT","92.9","24.92","22.05","16.33","5.06","0.39640000000000003","0.4673","44","122","160","299","36","93","105","209","2026-08-25"
"J","151.61","53.26","27.77","24.5","5.74","0.4199","0.4167","32","90","145","292","26","58","92","189","2026-08-25"
"BRO","74.62","20.89","17.21","16.4","7.26","0.6008","0.7778","41","129","229","444","40","114","194","382","2026-08-25"
"AJG","271.99","44.87","30.79","28.73","10.4","0.5742","0.712","42","126","224","454","36","112","177","335","2026-08-25"
"MSCI","571.36","30.67","27.91","25.58","15.06","0.6323","0.6404","50","134","229","484","33","103","175","343","2026-08-25"
"TMO","628.74","33.48","31.68","25.88","12.34","0.5771999999999999","0.6389","56","146","145","409","39","87","100","289","2026-08-25"
"VRSK","189.55","28.01","20.06","16.5","11.27","0.5339","0.5775","42","131","187","382","27","94","120","259","2026-08-25"
"PKG","248.88","32.24","29.77","13.64","11.55","0.5182","0.5702","31","99","173","368","22","75","122","259","2026-08-25"
"BSX","49.01","19.67","19.94","15.96","4.92","0.49950000000000006","0.538","53","166","257","426","30","120","184","321","2026-08-25"
"UNP","309.86","25.11","28.3","17.93","12.29","0.5339","0.4459","40","167","171","357","32","104","118","217","2026-08-25"
"PNR","63.31","15.71","15.15","13.61","6.17","0.3628","0.326","39","142","213","292","18","84","141","175","2026-08-25"
"KMB","111.37","18.99","19.86","11.14","6.09","0.37270000000000003","0.2953","49","93","158","273","34","57","115","171","2026-08-25"
"PSX","241.96","13.73","15.24","10.92","4.89","0.32939999999999997","0.2617","51","54","146","243","34","33","99","160","2026-08-25"
"PSA","324.97","31.08","22.23","18.08","16.17","0.5624","0.6433","29","77","187","355","23","71","149","298","2026-08-25"
"AKAM","105.66","39.51","25.78","11.22","6.54","0.532","0.6462","15","94","149","362","24","91","123","285","2026-08-25"
"AON","359.1","19.62","23.65","21.75","9","0.5418","0.4898","55","107","208","373","34","86","143","254","2026-08-25"
"AMGN","443.84","27.62","23.73","19.35","9.12","0.5074000000000001","0.5015","53","107","174","317","31","80","128","198","2026-08-25"
"NOC","549.28","17.4","21.45","15.4","9.09","0.5064","0.4503","51","115","161","363","34","74","110","260","2026-08-25"
"PEP","144.67","18.95","20.39","14.72","3.79","0.47100000000000003","0.4342","59","115","176","332","42","78","135","255","2026-08-25"
"LHX","262.83","26.47","17.54","14.95","8.42","0.4011","0.4355","44","130","148","295","35","94","102","228","2026-08-25"
"KVUE","19.43","22.54","19.28","16.07","4.17","0.3471","0.3535","55","79","101","101","38","50","70","70","2026-08-25"
"EQT","53.79","12.48","8.99","5.42","4.48","0.2724","0.3889","45","77","120","177","32","70","111","169","2026-08-25"
"OXY","60.11","9.31","10.69","5.54","3.47","0.26940000000000003","0.288","42","82","158","294","26","52","104","208","2026-08-25"
"EFX","194.63","33.56","21","14.39","6.48","0.5221","0.6126","43","165","175","329","30","114","134","258","2026-08-25"
"CRL","298.58","N/A","38.69","24.63","10.97","0.5152","0.5994","20","57","131","359","10","39","97","289","2026-08-25"
"DIS","110.61","22.42","23.25","11.35","5.19","0.5025","0.5249","33","155","243","292","26","105","177","224","2026-08-25"
"EG","376.79","7.64","7.31","7.31","5.81","0.4838","0.5351","37","88","158","335","17","67","118","259","2026-08-25"
"DE","648.64","36.03","21.92","24.24","10","0.473","0.4693","35","73","174","401","29","49","111","266","2026-08-25"
"MAR","360.2","36.83","33.03","25.56","17.64","0.46409999999999996","0.4635","42","87","217","293","30","62","142","202","2026-08-25"
"CSX","51.44","29.67","32.28","17.97","9.5","0.4907","0.383","49","83","150","361","34","46","89","189","2026-08-25"
"FTV","60.46","34.8","19.84","17.69","6.82","0.4436","0.4232","30","92","192","306","18","51","122","205","2026-08-25"
"HAL","34.63","18.11","14.94","10.55","8.6","0.2783","0.2895","31","91","208","263","21","59","137","170","2026-08-25"
"DVN","48.23","13.82","28.21","5.3","2.9","0.21530000000000002","0.2471","20","72","144","194","18","71","112","150","2026-08-25"
"ICE","162.99","22.85","19.88","16.73","8.86","0.589","0.7047","59","155","238","468","38","119","174","349","2026-08-25"
"EQIX","1055.2","68.24","N/A","26.54","20.72","0.49950000000000006","0.6667","53","147","237","418","31","98","163","339","2026-08-25"
"HUBB","466.76","27.53","27.42","23.2","11.33","0.5536","0.5789","46","145","260","425","31","99","176","301","2026-08-25"
"GL","173.13","11.27","11.09","9.82","5.33","0.5418","0.5336","59","160","196","391","36","98","129","253","2026-08-25"
"GPC","135.69","571.39","23.11","15.79","2.02","0.5015","0.5278","39","111","200","356","32","85","147","252","2026-08-25"
"FANG","205.6","39.41","6.59","5.7","3.99","0.4129","0.568","33","85","159","321","24","97","147","289","2026-08-25"
"MO","68.47","14.38","12.55","12.15","7.74","0.5093","0.3991","26","101","180","339","17","42","76","164","2026-08-25"
"CARR","59.97","41.12","26.02","21.02","9.32","0.44670000000000004","0.3631","21","97","156","222","15","60","95","122","2026-08-25"
"PPG","113.23","16.13","18.02","11.72","3.77","0.4169","0.3538","53","107","156","281","40","60","97","183","2026-08-25"
"MDLZ","64.7","23.68","26.96","18.77","6.74","0.3373","0.2749","38","88","145","339","25","59","102","211","2026-08-25"
"URI","1083.56","25.73","32.6","11.82","10.51","0.6154999999999999","0.655","43","130","241","417","29","97","176","315","2026-08-25"
"CRH","95.79","16.79","20.59","11.82","4.57","0.6633","0.5507","47","132","132","132","34","76","76","76","2026-08-25"
"POOL","188.24","17.1","22.59","18.55","4.26","0.5722999999999999","0.576","28","50","124","387","19","33","88","262","2026-08-25"
"BIIB","218.12","38.86","12.03","11.27","4.37","0.5093","0.5424","29","100","132","297","24","80","98","208","2026-08-25"
"IFF","85.81","79.61","39.31","18.99","5.58","0.3992","0.4854","31","68","89","197","21","40","57","206","2026-08-25"
"HST","23.19","15.51","6.56","9.92","8.83","0.4435","0.4211","57","107","189","270","38","80","136","175","2026-08-25"
"MAS","73.21","16.48","12.78","11.28","5.17","0.4867","0.3684","47","102","139","334","28","41","66","164","2026-08-25"
"NSC","352.98","30.16","41.67","21.28","9.21","0.4425","0.3582","24","106","137","360","21","75","100","225","2026-08-25"
"DGX","243.87","25.82","20.25","14.35","7.14","0.40409999999999996","0.367","46","142","114","308","33","104","75","201","2026-08-25"
"CEG","273.43","28.41","318.56","23.4","7.17","0.4012","0.3417","34","94","130","132","26","59","85","82","2026-08-25"
"HPE","52.43","52.14","17.06","11.81","5.71","0.30010000000000003","0.2593","44","89","162","217","37","74","127","137","2026-08-25"
"AIG","77.38","13.93","10.72","10.72","5.46","0.3009","0.2398","34","96","141","238","23","52","85","134","2026-08-25"
"RSG","223.08","31.4","25.75","15.11","9.67","0.5929","0.6374","46","175","271","502","38","121","209","363","2026-08-25"
"GDDY","100.52","14.47","7.73","7.62","4.04","0.43520000000000003","0.717","56","155","236","381","38","114","184","363","2026-08-25"
"FICO","1166.4","32.49","27.56","26.44","13","0.5595","0.5673","50","156","227","453","31","101","151","296","2026-08-25"
"MCD","272.54","22.06","24.44","17.08","12.19","0.44939999999999997","0.3538","40","105","180","354","29","71","118","202","2026-08-25"
"YUM","157.35","19.66","25.96","20.92","7.34","0.3776","0.269","48","115","171","320","35","92","125","206","2026-08-25"
"AVY","183.69","19.91","13.49","11.38","5.24","0.5379","0.5132","47","151","164","382","39","94","110","268","2026-08-25"
"HSIC","89.51","25.41","17.99","14.63","2.4","0.5133","0.5088","44","100","177","330","29","56","101","205","2026-08-25"
"LH","339.34","27.76","23.77","16.98","6.71","0.42479999999999996","0.4605","55","137","110","321","30","103","66","215","2026-08-25"
"UAL","113.57","10.61","14.12","4.16","0.87","0.4031","0.424","40","121","206","264","29","87","152","219","2026-08-25"
"INVH","30.46","27.4","11.19","15.04","11.21","0.5385","0.6646","39","110","212","373","26","87","168","315","2026-08-25"
"MKC","56.2","9.35","14.83","12.29","5.3","0.5388000000000001","0.598","44","133","171","374","32","87","135","287","2026-08-25"
"ORCL","142.45","24.44","N/A","12.98","9.36","0.5064","0.5029","44","141","160","369","35","114","156","264","2026-08-25"
"UPS","102.72","19.13","13.96","9.86","1.24","0.4179","0.4649","25","60","123","285","19","35","74","225","2026-08-25"
"IBM","231.04","20.54","15.92","14.79","5.49","0.3343","0.2661","47","132","179","257","34","96","141","163","2026-08-25"
"APA","42.96","9.07","9.93","3.36","1.91","0.23010000000000003","0.2251","44","98","174","253","22","74","109","171","2026-08-25"
"ZTS","77.17","12.22","13.85","11.35","4.72","0.6568999999999999","0.6441","41","143","232","505","21","93","143","342","2026-08-25"
"HII","294.63","17.61","N/A","33.54","7.12","0.47200000000000003","0.4664","47","102","146","315","34","71","116","225","2026-08-25"
"APD","306.24","N/A","N/A","14.93","16.89","0.4267","0.4576","34","99","162","326","27","60","116","249","2026-08-25"
"OTIS","72.19","18.26","15.93","14.8","6.15","0.4559","0.3515","52","121","185","222","35","70","92","116","2026-08-25"
"MPC","362.52","12.29","7.57","6.14","5.48","0.4012","0.3567","59","66","167","283","38","32","93","184","2026-08-25"
"BMY","67.28","14.84","12.04","10.78","3.99","0.34909999999999997","0.3933","45","84","128","299","26","69","80","232","2026-08-25"
"WM","226.46","31.94","25.5","13.98","8.74","0.5497","0.5716","61","164","247","469","40","118","174","332","2026-08-25"
"DLR","188.55","89.9","18.52","22.98","17.64","0.3677","0.6579","41","114","133","276","28","102","144","309","2026-08-25"
"GEHC","74.19","16.98","21.33","16.03","4.01","0.5017","0.4505","39","118","148","148","33","84","91","91","2026-08-25"
"BDX","190.74","55.77","16.39","13.27","5.01","0.3786","0.4737","41","100","139","268","25","75","98","218","2026-08-25"
"ROP","415.51","16.69","16.32","15.66","7.26","0.6539","0.7412","55","137","211","433","34","113","174","339","2026-08-25"
"HON","214.77","8.33","16.93","13.37","4.92","0.5231","0.4474","26","106","170","297","20","64","97","162","2026-08-25"
"PLD","143.36","32.68","47.05","26.2","20.11","0.4267","0.5234","43","96","166","312","33","70","139","264","2026-08-25"
"RCL","293","17.86","N/A","11.57","8.57","0.5093","0.538","50","173","213","350","31","115","149","258","2026-08-25"
"SYY","83.86","22.93","19.05","15.27","2.58","0.4376","0.5336","43","104","218","323","35","74","150","237","2026-08-25"
"VTR","93.47","177.07","33.31","25.83","7.62","0.31170000000000003","0.4956","41","127","167","246","42","120","161","234","2026-08-25"
"CDW","132.51","15.63","19.63","17.19","3.36","0.5661999999999999","0.5759","43","103","183","407","30","69","112","262","2026-08-25"
"IQV","260.24","31.66","19.27","15.44","7.78","0.5115999999999999","0.5495","41","140","211","352","29","93","129","260","2026-08-25"
"OMC","88.94","64.05","10.46","9.68","9.98","0.473","0.4167","27","100","153","369","26","86","112","200","2026-08-25"
"WY","24.39","37.3","N/A","32.19","17.71","0.3353","0.3406","25","36","67","231","14","21","46","156","2026-08-25"
"SWK","98.51","23.92","11.36","9.57","3.05","0.3992","0.4254","51","100","87","237","32","56","59","188","2026-08-25"
"SOLV","91.25","11.03","N/A","75.66","3.48","0.3065","0.2754","30","61","61","61","15","38","38","38","2026-08-25"
"TSN","57.87","35.79","17.05","10.25","6.01","0.47490000000000004","0.5","32","70","106","282","19","62","76","205","2026-08-25"
"LDOS","138.43","12.68","8.05","7.58","5.56","0.40490000000000004","0.5105","45","164","217","409","35","111","158","308","2026-08-25"
"CLX","107.17","22.3","32.32","21.39","4.6","0.4543","0.4503","27","97","128","312","17","53","77","196","2026-08-25"
"TRGP","294.26","28.08","85.47","14.78","8.76","0.37560000000000004","0.4722","49","131","195","287","31","77","109","226","2026-08-25"
"ZBH","100.98","24.13","16.22","11.17","3.27","0.3569","0.4123","43","133","186","262","26","86","128","190","2026-08-25"
"MTCH","41.73","14.61","9.06","8.56","3.94","0.35100000000000003","0.3933","54","117","147","235","31","66","97","192","2026-08-25"
"CI","280.45","11.54","8.12","7.2","0.3","0.5565","0.6126","47","113","190","405","34","75","130","284","2026-08-25"
"MGM","43.69","26.92","5.59","4.57","1.44","0.3923","0.3889","39","83","173","311","32","51","116","204","2026-08-25"
"PFE","27.97","36.79","14.51","11.89","3.42","0.34509999999999996","0.2953","29","69","130","290","23","54","89","197","2026-08-25"
"WMB","70.97","28.32","N/A","14.5","8.6","0.3029","0.3465","53","89","190","241","32","61","128","209","2026-08-25"
"AVB","184.06","25.41","39.44","15.72","13.5","0.5005","0.6184","33","113","210","341","29","94","156","276","2026-08-25"
"ESS","293.61","45.6","25.91","16.88","14.43","0.48869999999999997","0.5731","33","103","178","331","28","89","140","246","2026-08-25"
"ATO","167.82","20.27","N/A","14.07","7.19","0.44049999999999995","0.5322","45","129","197","352","32","98","166","303","2026-08-25"
"REG","76.69","25.92","39","16.41","12.36","0.3884","0.4927","49","115","178","302","34","89","139","243","2026-08-25"
"SPG","220.73","15.49","22.23","17.35","12.66","0.3923","0.4561","41","120","187","282","32","88","136","222","2026-08-25"
"KKR","107.32","33.94","43.37","40.78","10.8","0.2498","0.383","41","79","83","207","24","58","69","176","2026-08-25"
"LVS","46.97","17.84","11.34","8.26","4.63","0.3353","0.3158","39","105","150","238","32","65","91","153","2026-08-25"
"IP","41.04","N/A","33.53","8.21","3.02","0.31370000000000003","0.2895","27","61","109","249","21","51","80","175","2026-08-25"
"BALL","64.42","18.17","20.81","12.07","6.45","0.39630000000000004","0.3582","42","113","140","310","36","65","76","189","2026-08-25"
"AMT","178.39","24.46","21.01","14.4","10.3","0.4975","0.6082","44","122","163","380","32","87","115","283","2026-08-25"
"MAA","133.16","38.71","27.92","15.3","11.94","0.42869999999999997","0.5921","29","59","172","306","20","50","121","272","2026-08-25"
"UDR","38.39","23.99","35.72","13.99","11.51","0.4415","0.5497","43","108","201","323","23","84","154","274","2026-08-25"
"L","111.45","13.58","12.97","8.9","2.25","0.4277","0.3465","37","124","180","345","24","84","121","209","2026-08-25"
"UHS","176.4","6.93","12.5","5.87","0.64","0.6185","0.6886","48","184","233","417","32","118","162","302","2026-08-25"
"CVS","94.11","24.77","10.3","8.19","0.66","0.5526","0.6082","48","105","180","380","38","77","139","293","2026-08-25"
"STZ","137.6","13","12.53","8.81","4.98","0.4867","0.5599","37","111","146","335","21","69","99","246","2026-08-25"
"VST","135.66","22.7","18.99","8.99","6.31","0.39039999999999997","0.3854","41","90","147","272","26","54","86","185","2026-08-25"
"WBD","28.7","N/A","33.9","21.59","4.33","0.2802","0.443","24","53","82","240","13","33","93","223","2026-08-25"
"DPZ","349.01","19.49","17.39","14.95","5.78","0.6018","0.5863","42","139","168","415","25","87","106","280","2026-08-25"
"EXR","146.25","33.65","24.57","16.95","13.21","0.531","0.6974","35","73","147","351","28","89","154","326","2026-08-25"
"TMUS","182.62","18.72","10.62","6.86","3.45","0.5379","0.6447","33","147","233","428","30","109","158","318","2026-08-25"
"LYB","65.2","N/A","12.32","7.08","5.29","0.3776","0.2924","22","57","88","237","19","28","62","162","2026-08-25"
"O","63.17","46.58","N/A","14.17","10.52","0.3392","0.7032","49","89","137","276","35","100","172","338","2026-08-25"
"BG","110.16","21.37","N/A","20.02","4.76","0.25170000000000003","0.2237","28","66","113","191","24","44","76","129","2026-08-25"
"KMI","31","19.89","25.98","10.52","5.77","0.3766","0.443","55","124","189","276","40","86","115","193","2026-08-25"
"GEN","29.11","16.67","11.25","11.18","4.43","0.3284","0.3304","53","119","168","256","40","94","145","197","2026-08-25"
"CPT","109.15","34.24","63.97","13.84","11.13","0.4395","0.4927","48","87","177","282","20","57","118","215","2026-08-25"
"CCI","76.4","38.47","13.78","12.64","10.81","0.40020000000000006","0.5146","12","57","131","322","7","26","71","224","2026-08-25"
"TAP","42.99","N/A","6","4.08","1.97","0.3235","0.3494","21","99","146","239","18","49","91","169","2026-08-25"
"SBAC","185.07","19.85","14.61","15.31","9.11","0.5447","0.5658","31","95","177","401","23","57","114","271","2026-08-25"
"FRT","117.54","23.73","30.78","16.05","11.24","0.46509999999999996","0.6096","50","121","205","321","34","111","181","281","2026-08-25"
"KDP","32.51","32.98","22.29","17.55","4.47","0.4533","0.6082","39","123","186","251","32","92","143","293","2026-08-25"
"TDG","1199.08","36.02","35.72","31.31","11.55","0.49560000000000004","0.5658","33","132","239","366","28","93","162","259","2026-08-25"
"HCA","429.24","13.98","15.95","8.6","1.44","0.4877","0.5","40","137","186","362","26","95","128","254","2026-08-25"
"APTV","47.34","45.64","14.34","7.43","2.55","0.4366","0.4035","29","120","188","290","19","66","123","193","2026-08-25"
"LW","54.8","26.29","13.64","8.08","5.61","0.4644","0.469","38","81","169","324","25","56","119","235","2026-08-25"
"SJM","125.87","N/A","11.49","9.11","4.43","0.4014","0.378","22","59","98","247","23","52","75","160","2026-08-25"
"IRM","121.19","86.8","N/A","21.95","8.86","0.2842","0.4327","39","92","146","307","26","74","121","244","2026-08-25"
"BAX","26.49","N/A","16.84","10.4","3.98","0.292","0.2982","27","64","83","243","26","47","64","170","2026-08-25"
"KIM","24.22","28.21","19.56","13.8","10.79","0.34909999999999997","0.4284","43","111","181","239","33","90","152","201","2026-08-25"
"SW","48.69","51.53","24.48","7.77","4.56","0.316","0.4135","27","60","109","220","18","60","95","216","2026-08-25"
"KHC","25.67","N/A","7.98","6.59","3.66","0.2647","0.2796","16","73","102","194","17","47","70","143","2026-08-25"
"AWK","139.91","24.31","N/A","11.75","5.19","0.5143","0.6126","34","119","174","362","27","93","133","291","2026-08-25"
"OKE","93.02","16.08","20.23","9.55","5.49","0.3874","0.4971","34","107","189","305","32","108","175","299","2026-08-25"
"DOC","21.63","61.47","N/A","12.12","8.71","0.2783","0.348","37","96","148","181","26","77","120","143","2026-08-25"
"NEE","84.1","18.93","N/A","12.75","7.52","0.4346","0.4722","47","97","177","318","33","65","123","221","2026-08-25"
"GIS","40.92","N/A","13.49","10.16","3.55","0.3982","0.3596","14","89","143","296","9","45","87","192","2026-08-25"
"VICI","26.78","10.56","11.06","11.07","7.13","0.44520000000000004","0.8324","41","134","179","248","38","128","205","313","2026-08-25"
"WEC","107.58","20.92","N/A","9.9","5.31","0.4867","0.5848","33","120","179","367","28","87","139","278","2026-08-25"
"SRE","84.57","24.52","N/A","10.24","4.65","0.4012","0.4459","32","88","162","281","21","50","106","218","2026-08-25"
"VTRS","16.54","N/A","9.67","8.26","3.75","0.31170000000000003","0.3977","24","33","81","170","21","26","53","140","2026-08-25"
"ETR","105.79","27.45","N/A","8.12","5.17","0.3029","0.3787","27","92","148","216","29","77","127","191","2026-08-25"
"AMCR","47.91","20.09","52.78","19.65","4.74","0.3322","0.3592","48","82","113","224","33","70","89","194","2026-08-25"
"DOW","31.44","N/A","13.6","5.9","5.58","0.2458","0.2253","16","26","74","132","14","19","48","82","2026-08-25"
"PNC","243.68","13.52","13.11","13.11","3.92","0.47490000000000004","0.4605","57","114","174","357","38","82","136","258","2026-08-25"
"MOS","24","N/A","N/A","17.18","5.67","0.28350000000000003","0.2621","21","50","131","262","12","30","83","169","2026-08-25"
"LNT","68.42","21.85","N/A","15.42","5.24","0.47590000000000005","0.5234","29","110","174","356","29","82","134","262","2026-08-25"
"BLDR","70.22","73.65","11.64","8.41","1.79","0.4592","0.4781","12","39","124","347","9","20","70","234","2026-08-25"
"CCL","25.71","11.63","11.1","5.25","3.29","0.3736","0.4006","51","155","179","234","32","102","124","200","2026-08-25"
"PEG","73.53","18.24","132.94","10.21","4.57","0.3461","0.3523","40","71","138","244","32","55","105","174","2026-08-25"
"SO","90.1","22.08","N/A","9.65","4.74","0.39630000000000004","0.4751","30","125","167","276","30","93","129","219","2026-08-25"
"GPN","94.3","N/A","30.96","15.37","3.91","0.4255","0.4871","22","110","185","337","22","59","97","243","2026-08-25"
"AEE","107.16","19.11","N/A","9.19","4.63","0.43560000000000004","0.4737","46","118","181","330","26","81","153","250","2026-08-25"
"ED","107.71","17.97","N/A","10.08","3.01","0.3992","0.4503","39","101","173","282","29","84","125","235","2026-08-25"
"EVRG","81.39","20.79","N/A","9.71","4.56","0.41490000000000005","0.4766","42","125","154","286","25","74","100","211","2026-08-25"
"T","25.69","8.33","10.13","4.48","2.35","0.30579999999999996","0.3494","40","112","155","224","22","77","96","161","2026-08-25"
"IVZ","32.45","N/A","7.68","7.34","3.24","0.40020000000000006","0.4196","35","89","107","271","32","83","75","214","2026-08-25"
"VZ","50.15","12.93","9.72","5.39","2.54","0.3481","0.443","35","113","142","314","22","80","109","246","2026-08-25"
"BEN","34.62","23.54","77.13","64.3","1.92","0.33039999999999997","0.3421","43","82","105","228","31","73","89","150","2026-08-25"
"FIS","41.4","6.35","11.14","7.19","4.88","0.4031","0.4459","48","110","119","268","38","88","72","190","2026-08-25"
"XEL","77.33","21.71","N/A","10.16","4.91","0.47979999999999995","0.5731","41","106","177","342","31","75","140","276","2026-08-25"
"WYNN","99.41","22.81","12.77","7.02","3.39","0.3068","0.288","27","104","158","240","23","65","96","161","2026-08-25"
"AEP","121.98","21.38","N/A","8.73","4.35","0.3992","0.4518","32","120","167","299","30","96","134","233","2026-08-25"
"PPL","35.04","20.99","N/A","10","4.11","0.2783","0.269","45","125","157","227","33","83","122","170","2026-08-25"
"CAG","16.67","N/A","7.85","5.69","2.96","0.3382","0.367","14","49","105","260","10","37","80","188","2026-08-25"
"NI","40.83","21.62","N/A","8.53","3.68","0.33140000000000003","0.402","41","125","193","284","28","86","146","233","2026-08-25"
"D","66.61","23.19","N/A","10.9","4.85","0.3225","0.367","31","101","121","222","27","72","96","192","2026-08-25"
"CMCSA","27.02","8.61","4.72","2.97","2.24","0.527","0.5512","24","111","189","362","17","74","105","256","2026-08-25"
"PNW","97.71","19","N/A","6.87","3.49","0.41490000000000005","0.4357","36","104","147","310","25","82","128","226","2026-08-25"
"CMS","68.42","20.93","N/A","9.9","3.95","0.46020000000000005","0.4942","29","117","163","330","28","84","126","252","2026-08-25"
"GM","86.98","42.67","5.5","3.41","7.44","0.3618","0.364","20","81","147","253","12","47","106","171","2026-08-25"
"DUK","121.97","18.31","N/A","8.22","4","0.4218","0.5088","41","141","182","312","29","93","134","254","2026-08-25"
"CNP","39.1","23.31","N/A","10.11","3.44","0.297","0.3889","45","98","157","239","30","76","119","218","2026-08-25"
"DVA","176.5","13.76","7.17","5.32","2.57","0.4395","0.4196","39","129","178","324","31","77","113","199","2026-08-25"
"DTE","135.66","21.43","N/A","8.4","3.86","0.34509999999999996","0.3845","31","101","133","273","21","69","105","195","2026-08-25"
"NRG","111.78","30.3","60.45","15.24","3.81","0.30879999999999996","0.3187","25","94","111","232","17","56","68","147","2026-08-25"
"ES","71.25","18.53","90.23","6.06","2.83","0.4769","0.5702","45","105","160","317","32","80","131","269","2026-08-25"
"FE","46.57","24.85","N/A","8.65","2.68","0.2675","0.2953","32","129","167","194","24","86","128","154","2026-08-25"
"EXC","44.34","16.37","N/A","6.32","2.83","0.34509999999999996","0.4035","32","129","153","244","27","103","132","176","2026-08-25"
"PSKY","10.35","N/A","24.66","14.24","1.19","0.3215","0.3158","32","44","65","195","28","39","54","169","2026-08-25"
"BXP","69.99","37.64","15.86","8.7","5.25","0.38539999999999996","0.4898","32","67","147","271","32","72","129","226","2026-08-25"
"EIX","73.97","7.64","N/A","4.48","1.96","0.3215","0.3611","39","123","182","261","23","74","110","193","2026-08-25"
"ARE","54.04","N/A","5.37","7.21","4.76","0.36869999999999997","0.5731","13","80","133","283","12","52","110","283","2026-08-25"
"F","13.93","N/A","7.63","3.28","3.6","0.3274","0.3801","21","87","137","214","15","67","100","164","2026-08-25"
"PCG","18.11","13.54","N/A","5.08","1.9","0.3245","0.4576","38","111","175","235","25","80","136","215","2026-08-25"
"NCLH","17.22","10.5","N/A","3.79","1.85","0.4464","0.5117","40","126","151","266","28","84","107","207","2026-08-25"
"AES","14.75","5.63","N/A","2.1","3.98","0.22519999999999998","0.2281","49","96","113","203","33","62","94","159","2026-08-25"
"CHTR","150.3","3.7","4.18","1.11","0.84","0.47","0.5029","39","156","199","431","21","83","107","261","2026-08-25"
"CRM","209.06","22.7","12.42","11.96","5.48","0.5936","0.7679","52","186","258","469","36","123","183","375","2026-08-25"
"MMC","N/A","N/A","N/A","N/A","N/A","0.588","0.6491","36","139","225","407","27","108","170","322","2026-08-25"
"COO","75.8","62.68","25.95","15.51","5.33","0.5445","0.6116","40","150","188","418","29","104","145","312","2026-08-25"
"AZO","3009.44","20.47","31.05","16.51","4.9","0.5782","0.557","29","100","161","381","24","72","119","271","2026-08-25"
"PHM","129.61","12.96","16.33","15.19","5.99","0.5761999999999999","0.5512","24","89","208","441","18","54","130","297","2026-08-25"
"HD","337.43","23.62","22.26","17.9","5.98","0.5398","0.557","32","82","139","351","28","65","115","268","2026-08-25"
"KR","59.08","34.51","12.49","5.24","1.05","0.5285","0.5387","41","114","188","331","29","71","130","238","2026-08-25"
"BK","N/A","N/A","N/A","N/A","N/A","0.53","0.4708","55","134","185","362","34","88","137","231","2026-08-25"
"EL","104.13","208.72","28.65","21.43","3.34","0.46509999999999996","0.5117","39","69","87","288","30","45","61","218","2026-08-25"
"HRL","24.09","28.43","19.14","13.17","6.91","0.45649999999999996","0.5119","26","66","129","252","22","53","107","206","2026-08-25"
"DAY","N/A","N/A","N/A","N/A","N/A","0.3765","0.5657","51","130","180","221","34","97","147","224","2026-08-25"
"MU","910.43","20.66","39.83","20.27","15.91","0.42969999999999997","0.4605","63","151","164","334","42","111","117","241","2026-08-25"
"CTRA","N/A","N/A","N/A","N/A","N/A","0.4244","0.4435","45","70","186","329","36","53","130","228","2026-08-25"
"LOW","216.98","18.34","17.15","13.12","4.06","0.4661","0.3991","25","60","118","296","22","36","55","179","2026-08-25"
"DAL","82.48","13.74","15.92","6.67","2.42","0.4307","0.4298","41","113","226","275","30","89","163","191","2026-08-25"
"HOLX","N/A","N/A","N/A","N/A","N/A","0.3996","0.4591","35","96","108","277","30","54","73","203","2026-08-25"
"TGT","169.89","17.66","17.41","8.89","2.46","0.41490000000000005","0.3816","43","99","115","323","30","66","85","231","2026-08-25"
"CPB","24.16","11.88","10.77","6.58","2.52","0.3604","0.3929","26","79","138","263","17","60","108","176","2026-08-25"
"BBY","87.48","16.17","11.52","8.03","1.96","0.3333","0.2665","41","82","97","286","30","38","56","167","2026-08-25"
"HPQ","28.58","10.36","7","5.75","2.27","0.2613","0.2307","31","90","108","233","24","57","66","132","2026-08-25"
